id,categoria_id,categoria_titulo,artigo_titulo,artigo_conteudo
"teste, conteudo, formata√ß√£o",06_ferramentas,Ferramentas do Agente,nova rotina de formata√ß√£o,"<p>novo sistema de inser√ß√£o de conte√∫dos. sucesso na fonte de digita√ß√£o e <b>negrito no editor</b>&nbsp;ativado, com atalho de teclado v√°lido. <i>Italico disponivel</i><div><ul><li>e temos aqui\n</li><li>topicos\n</li><li>para listagem\n</li></ul></div></p>"
"teste de conte√∫do, testeteste",06_ferramentas,Ferramentas do Agente,NOVA FERRAMENTA DE PREENCHIMENTO,"inserir os textos ficou mais f√°cil.. 

agora temos formata√ß√£o autom√°tica por intelig√™ncia artificial. 

falta adicionar op√ß√µes de negrito "
"Antecipa√ß√£o, contratar",01_antecipa√ß√£o,Antecipa√ß√£o,(temp) Pedidos de Antecipa√ß√£o Temporariamente Suspensos,"Informamos que, no momento, as antecipa√ß√µes e os pedidos de antecipa√ß√£o em andamento est√£o temporariamente suspensos.\nEsta pausa √© necess√°ria para podermos realizar adequa√ß√µes t√©cnicas e preparar o aplicativo para futuras melhorias.\nAssim que o App for atualizado e este per√≠odo de ajustes for conclu√≠do, a funcionalidade de antecipa√ß√£o ser√° reativada. Voc√™ ser√° notificado assim que for poss√≠vel enviar um novo pedido.\nAgradecemos a sua compreens√£o enquanto trabalhamos para aprimorar sua experi√™ncia. Permanecemos √† disposi√ß√£o para auxiliar no que for preciso.
"
"restitui√ß√£o, pagamento, data",01_antecipa√ß√£o,Antecipa√ß√£o,Restitui√ß√£o em lote anterior ao contrato,"<strong>Entendendo os Custos da Antecipa√ß√£o</strong><p>A antecipa√ß√£o da sua restitui√ß√£o de imposto de renda √© contratada por um valor fixo, que j√° inclui os juros e taxas acordados no momento do servi√ßo.</p><p>Isso ocorre porque, no momento da contrata√ß√£o, √© imposs√≠vel prever a data exata em que sua restitui√ß√£o estar√° dispon√≠vel, tanto para voc√™ quanto para o Velotax. A data do seu lote de restitui√ß√£o n√£o interfere no custo do servi√ßo de antecipa√ß√£o, e a data constante na CCB √©, por padr√£o, a data do √∫ltimo lote padr√£o previsto, para que todo o per√≠odo de pagamento das restitui√ß√µes esteja coberto, e clientes dos √∫ltimos lotes n√£o sejam considerados inadimplentes.&nbsp;</p><strong>Como quitar a D√≠vida</strong><p>Se voc√™ precisa quitar Antecipa√ß√£o 2025, o processo √© simples e seguro! O bot√£o de quita√ß√£o aparece assim que voc√™ acessa a visualiza√ß√£o desse ano.</p><strong>Passo a Passo</strong><p>Na tela inicial do aplicativo, voc√™ v√™ a se√ß√£o Hist√≥rico.\nDentro do Hist√≥rico, toque no ano 2025.\nFeito isso, o bot√£o Quitar Opera√ß√£o aparecer√°. Toque nele para prosseguir.</p><strong>Verifica√ß√£o de Seguran√ßa</strong><p>Para sua seguran√ßa, ap√≥s tocar em ""Quitar Opera√ß√£o"", faremos uma verifica√ß√£o em duas etapas:\nVoc√™ ter√° a op√ß√£o de escolher como quer receber o c√≥digo de seguran√ßa:\nPor E-mail: o c√≥digo ser√° enviado para o e-mail cadastrado em sua conta.\nPor SMS: o c√≥digo ser√° enviado para o n√∫mero de celular cadastrado.\nAp√≥s selecionar sua op√ß√£o, insira o c√≥digo recebido para finalizar a opera√ß√£o.</p>"
"pagamento, antecipa√ß√£o, portabilidade, negado, falha",01_antecipa√ß√£o,Antecipa√ß√£o,"Antecipa√ß√£o negada ao usu√°rio: Oferta indispon√≠vel
","<p>As telas a seguir s√£o apresentadas ao usu√°rio que tenta a antecipa√ß√£o do IRPF, mas n√£o ter√° o cr√©dito disponibilizado pelos crit√©rios do app.</p><p><strong>Ocorreu um erro, infelizmente n√£o ser√° poss√≠vel seguir com a sua opera√ß√£o</strong>\nQuando a mensagem exibida √© ‚Äúocorreu um erro, infelizmente n√£o ser√° poss√≠vel seguir com a sua opera√ß√£o‚Äù, o cliente n√£o tem oferta de antecipa√ß√£o dispon√≠vel para aquisi√ß√£o no momento. [IMAGEM:1hjKY9xOulwsUxComEfeswfYmE4EGD9hk] </p><p><strong>N√£o ser√° poss√≠vel fazer a antecipa√ß√£o</strong>\nQuando o cliente visualiza a mensagem com a informa√ß√£o de que n√£o ser√° poss√≠vel fazer a antecipa√ß√£o, ele deve ter sido reprovado em algum dos crit√©rios de avalia√ß√£o que o considerou inapto. No entanto, se ele n√£o tem acesso a outras telas clicando na seta do canto superior esquerdo ou no bot√£o continuar, o problema pode estar relacionado ao cach√™. Oriente a limpeza dos dados do app antes de prosseguir. [IMAGEM:10HvXXCy8hI_yOM1amIDMcY1ObXbygoj1] </p><p><strong>Limite inadequado</strong>\nSe o cliente recebeu a mensagem sobre o limite inadequado, ele n√£o atingiu o valor m√≠nimo de restitui√ß√£o para antecipar, ou extrapolou o valor m√°ximo. </p>[IMAGEM:1d5srs1Jx3FCIOd2YQhHoHkCPl0UTTMMB]"
"restitui√ß√£o, pagamento, data, pix, antecipa√ß√£o",01_antecipa√ß√£o,Antecipa√ß√£o,Posso usar qualquer chave pix para antecipa√ß√£o?,"<p>N√£o. Apenas a chave PIX que utiliza seu CPF poder√° ser utilizada na conta Velobank para o processo de antecipa√ß√£o, ou cobran√ßa retida da taxa de uso do app.&nbsp;</p><p>Essa limita√ß√£o ocorre por raz√£o de seguran√ßa e garantia de que nenhum terceiro efetue opera√ß√µes de cr√©dito em seu nome.&nbsp;</p><p>Da mesma forma, isso garante que n√£o haja algum equ√≠voco em rela√ß√£o ao direcionamento da restitui√ß√£o no lote da Receita que impe√ßa a quita√ß√£o do cr√©dito gerado para a Antecipa√ß√£o.</p>"
"pagamento, data, pix, antecipa√ß√£o, portabilidade",01_antecipa√ß√£o,Antecipa√ß√£o,Posso retirar minha chave Pix do Velobank a qualquer momento?,"<p>A portabilidade da chave PIX para uma institui√ß√£o de sua escolha √© um direito do cidad√£o, e o Velotax assegura isso a todos os seus usu√°rios.&nbsp;</p><p>Ao contratar o servi√ßo e concordar com os termos, o cliente declara estar ciente de que sua chave PIX vinculada ao CPF ser√° associada ao Velobank at√© a quita√ß√£o da Antecipa√ß√£o, que ocorre com o dep√≥sito da Restitui√ß√£o pela Receita Federal na data do seu lote.&nbsp;</p><p>Caso o usu√°rio opte por trocar de institui√ß√£o antes da data da restitui√ß√£o, isso ser√° considerado uma quebra de contrato. Consequentemente, ser√° necess√°rio efetuar o pagamento imediato e integral do valor devido, sem a possibilidade de descontos ou renegocia√ß√µes.&nbsp;</p><p>Se voc√™ deseja prosseguir com a portabilidade da chave PIX, basta entrar em contato com nosso atendimento e solicitar.&nbsp;</p>"
"Px, Portabilidade, remover",01_antecipa√ß√£o,Antecipa√ß√£o,Portabilidade Pix: Passo a Passo,"<strong>Passo a passo para solicitar a portabilidade da chave PIX (CPF)</strong><p>1Ô∏è‚É£ Cadastre sua chave PIX (CPF) no banco de sua prefer√™ncia.\n2Ô∏è‚É£ O banco enviar√° um pedido de portabilidade da chave que est√° no Velotax.\n3Ô∏è‚É£ Acesse o app Velotax.\n4Ô∏è‚É£ V√° em Minha √Årea PIX > Minhas chaves PIX.\n5Ô∏è‚É£ Ao lado do seu CPF, aparecer√° a op√ß√£o ‚ÄúPortabilidade‚Äù.\n6Ô∏è‚É£ Clique em ""Aceito"" para confirmar.</p><p>‚úÖ Pronto! Sua chave PIX ser√° transferida de volta para o seu banco.</p>"
"Restitui√ß√£o, Declara√ß√£o, n√£o creditada,",02_restitui√ß√£o,Restitui√ß√£o e Declara√ß√£o,Restitui√ß√£o n√£o Creditada,"<p>Se voc√™ est√° cadastrado para receber no primeiro lote da restitui√ß√£o do Imposto de Renda de 30/05/2025 e ainda n√£o visualizou o cr√©dito no app Velotax, fique tranquilo. Alguns clientes n√£o receberam e o valor ficou dispon√≠vel para resgate manual no site do Banco do Brasil.</p><p>Siga o passo a passo abaixo para solicitar o valor:</p><strong>üü° Etapa 1: Como solicitar o resgate da restitui√ß√£o</strong><p>Acesse o site oficial do Banco do Brasil:\n<a href=""https://www49.bb.com.br/restituicao/#/pagina-inicial"" target=""_blank"">https://www49.bb.com.br/restituicao/#/pagina-inicial</a><br>Preencha os campos solicitados:\nCPF\nValor da restitui√ß√£o\nMarque a caixa ""N√£o sou um rob√¥""\nClique em ""Confirmar""\nClique no bot√£o verde que aparecer√° na tela (A√ß√£o)\nEscolha o banco de sua prefer√™ncia e informe os dados da sua conta.\nNo campo ‚ÄúN√∫mero do recibo da declara√ß√£o‚Äù, insira o n√∫mero que est√° no seu recibo de entrega da declara√ß√£o IRPF 2024.\nClique em ""Agendar cr√©dito"".</p><p>Para encontrar esse n√∫mero:\nAbra o app Velotax\nV√° em ‚ÄúMeus Documentos‚Äù\nSelecione o ano 2025\nClique em ‚ÄúRecibo da Declara√ß√£o‚Äù\nO n√∫mero estar√° destacado na segunda p√°gina do documento.</p><strong>üü¢ Etapa 2: Como quitar sua antecipa√ß√£o no app Velotax</strong><p>Assim que o valor for creditado, voc√™ poder√° fazer a quita√ß√£o da antecipa√ß√£o diretamente no aplicativo Velotax.</p><p>V√° ao seu banco e cadastre sua chave PIX (CPF).\nO banco enviar√° um pedido de portabilidade da chave para o Velotax.</p><p>Acesse o app Velotax:\nV√° em ""Minha √Årea PIX"" > ""Minhas chaves PIX""\nAo lado do seu CPF, aparecer√° a palavra ‚ÄúPortabilidade‚Äù\nClique nessa op√ß√£o e siga as instru√ß√µes na tela.\nAo final do processo, voc√™ ver√° as op√ß√µes para quita√ß√£o: Pix ou Cart√£o de cr√©dito</p><p>Ap√≥s o pagamento, o contrato ser√° considerado quitado e sua chave PIX estar√° vinculada no seu banco.</p><p>Se tiver d√∫vidas durante qualquer etapa, nossa equipe est√° √† disposi√ß√£o para te ajudar!</p>"
teste de update,03_Calculadora e Darf,Calculadora,teste,teste teste teste 
"conta, excluir, deletar",04_Conta,Conta e Planos,Excluir conta Velotax pelo app,"<strong>Para excluir a conta no Velotax, acessando pelo app, siga os passos abaixo:</strong><p>Acesse o aplicativo Velotax. Na tela inicial, clique no √≠cone do Perfil (canto superior esquerdo) e selecione a op√ß√£o DARF.</p><p>No canto superior direito da tela, clique no menu de op√ß√µes, indicado por 3 linhas horizontais.</p><p>Role o menu at√© o final para localizar a op√ß√£o Conta.</p><p>Rolando a tela at√© o final. No canto inferior direito, localize e selecione a op√ß√£o ""Excluir Conta"".</p><p>A tela seguinte apresentar√° a solicita√ß√£o de confirma√ß√£o, para a qual o usu√°rio dever√° digitar a palavra DELETAR no campo solicitado.</p>"
"procura√ß√£o, autoriza√ß√£o, dados, compartilhamento",04_Conta,Conta e Planos,Entendendo sua Procura√ß√£o Eletr√¥nica Velotax,"Para executar os servi√ßos que voc√™ contratou, como declarar seu IR ou regularizar um imposto, precisamos de uma autoriza√ß√£o para acessar seus dados na Receita Federal. A procura√ß√£o eletr√¥nica no portal e-CAC √© a forma oficial e segura de conceder essa permiss√£o.
√â com ela que conseguimos, por exemplo:\nEnviar e acompanhar sua declara√ß√£o de Imposto de Renda.\nAjudar voc√™ a resolver pend√™ncias e sair da malha fina.\nCalcular e emitir seus impostos (Carn√™-Le√£o e renda vari√°vel).\nRealizar os processos para sua restitui√ß√£o.
Voc√™ no controle, sempre!
A procura√ß√£o √© sua e voc√™ tem total liberdade. A qualquer momento, voc√™ pode:
Ajustar os poderes: Limitar as permiss√µes s√≥ para os servi√ßos que usa.\nMudar o prazo: Reduzir o tempo de validade da autoriza√ß√£o.\nCancelar: Revogar a procura√ß√£o por completo.
Tudo isso √© feito diretamente por voc√™ no portal e-CAC da Receita Federal. Recomendamos manter a procura√ß√£o ativa para garantir a continuidade dos servi√ßos contratados, mas a decis√£o final √© sempre sua.
"
"procura√ß√£o, autoriza√ß√£o, dados, compartilhamento",04_Conta,Conta e Planos,Procura√ß√£o: Poderes e prazos,"<strong>Quais s√£o os poderes concedidos?</strong><p>A autoriza√ß√£o nos permite executar servi√ßos espec√≠ficos, como:\n‚úÖ Transmitir e acompanhar a declara√ß√£o do IRPF.\n‚úÖ Corrigir pend√™ncias e resolver problemas de malha fina.\n‚úÖ Solicitar e acompanhar restitui√ß√µes.\n‚úÖ Calcular e emitir DARFs (Carn√™-Le√£o e renda vari√°vel).\n‚úÖ Pedir a restitui√ß√£o de impostos pagos a mais (PER/DCOMP).\n‚úÖ Solicitar parcelamento de d√©bitos na Receita.\n‚úÖ Falar com a Receita Federal em seu nome para resolver quest√µes pontuais.\nLembre-se: voc√™ pode personalizar essas permiss√µes no portal e-CAC quando quiser.</p><p><strong>Por que o prazo de 5 anos?</strong>\nSugerimos o prazo de 5 anos porque √© o mesmo per√≠odo que a Receita Federal tem para fiscalizar suas declara√ß√µes passadas.\nIsso nos permite dar o suporte necess√°rio caso uma pend√™ncia (como a malha fina) apare√ßa anos depois do envio da sua declara√ß√£o. Se preferir, voc√™ tamb√©m pode reduzir este prazo diretamente no e-CAC.</p>"
"procura√ß√£o, autoriza√ß√£o, dados, compartilhamento",04_Conta,Conta e Planos,Criando sua conta Velotax,"<p>Ao acessar o app pela primeira vez o usu√°rio precisar√° realizar o cadastro e assinar as procura√ß√µes eletr√¥nicas autoriza√ß√µes de tr√°fego de dados.\nO in√≠cio se d√° com o preenchimento de dados cadastrais: CPF, n√∫mero do celular onde est√° instalado o app, e confirma√ß√£o do c√≥digo enviado por sms.</p><p>Na sequ√™ncia, ser√° solicitado o cadastro de uma conta de e-mail. Aconselhamos o usu√°rio a inserir uma conta de uso constante, pois informa√ß√µes importantes ser√£o enviadas por ali. Depois, nome completo e cria√ß√£o da senha. Na tela a seguir o usu√°rio declara que concorda com os diversos termos de uso da plataforma. Todos eles podem ser acessados em cada link nessa tela, como voc√™ pode ver na imagem a seguir. Ao clicar continuar, ele automaticamente concordou com os termos.</p><p>Ser√° solicitado o cadastro de uma conta de e-mail. Aconselhamos o usu√°rio a inserir uma conta de uso constante, pois informa√ß√µes importantes ser√£o enviadas por ali. Na sequ√™ncia, nome completo e cria√ß√£o da senha. A senha ser√° aceita quando todos os crit√©rios na tela tiverem sido atendidos. Na tela a seguir o usu√°rio declara que concorda com os diversos termos de uso da plataforma. Todos eles podem ser acessados em cada link nessa tela. Ao clicar continuar, ele concordou automaticamente com os termos.\n[IMAGEM:145NqllrAft00cwrwH0wgSdVZ2LuvXoB-]
\nAs pr√≥ximas telas te dir√£o tudo o que voc√™ precisa saber sobre o compartilhamento de dados com o Velotax. Processo em detalhes no t√≥pico referente.</p>"
"procura√ß√£o, autoriza√ß√£o, dados, compartilhamento",04_Conta,Conta e Planos,Aceitar as Procura√ß√µes,"<p>As telas a seguir explicam todos os pontos relacionados √†s procura√ß√µes e autoriza√ß√µes que o usu√°rio precisa aprovar para continuar o cadastro e iniciar a utiliza√ß√£o do servi√ßo. Cada um dos t√≥picos expande com as explica√ß√µes daquele item quando usu√°rio clicar na seta. A √∫ltima das telas tem os termos de servi√ßo para confer√™ncia pelo cliente. Basta clicar no link para ser direcionado.</p><p>[IMAGEM:1BCEyfjVsnJnxhm0YlKVNVhwQtkW46KOR]\nClicando no bot√£o inferior voc√™ ser√° direcionado ao portal e-CAC, onde poder√° conferir e aprovar as procura√ß√µes.\nFa√ßa o login com seu cpf e sua senha gov, e voc√™ ser√° direcionado a uma tela com os itens que ser√£o associados assinalados em tela, e voc√™ pode conferir diretamente nessa tela do gov quais a informa√ß√µes que ser√£o autorizadas a compartilhamento. Assinale o CAPTCHA ao final da tela e clique em Cadastrar Procura√ß√£o. A procura√ß√£o ser√° gerada e mostrada na tela. Clique em Assinar. Se sua verifica√ß√£o em duas etapas estiver ativada, voc√™ receber√° um c√≥digo por SMS ou notifica√ß√£o diretamente no app do GOV, dependendo das configura√ß√µes desse usu√°rio.\nAp√≥s as autoriza√ß√µes, haver√° uma s√©rie de telas confirmando as autoriza√ß√µes do compartilhamento de dados. Essa tela tamb√©m solicitar√° o c√≥digo se a autoriza√ß√£o em 2 fatores estiver ativada. Ap√≥s o carregamento dos dados ocorrer√° o acesso √† tela inicial do app Velotax e dos servi√ßos dispon√≠veis.\n[IMAGEM:1uuhlzGrZEF_8uqQX2O6_m5w0mBEh2sIu]</p>"
"pix, celcoin, remover, chave",04_Conta,Conta e Planos,Posso remover a chave pix da Celcoin?,"<p>A portabilidade da chave PIX para uma institui√ß√£o de sua escolha √© um direito do cidad√£o e assegurado pelo Velotax a todos os seus usu√°rios.&nbsp;</p><p>O cliente que leu e concordou com os termos, e efetuou a contrata√ß√£o do servi√ßo, declarou estar ciente de que sua chave PIX associada ao CPF seria trazida e associada ao Velobank at√© que fosse realizada a quita√ß√£o da Antecipa√ß√£o, pelo dep√≥sito da Restitui√ß√£o pela Receita Federal ao chegar a data do seu lote.&nbsp;</p><p>O usu√°rio que decidir trocar de institui√ß√£o antes da data da restitui√ß√£o estar√° efetuando uma quebra de contrato e&nbsp; ter√°, por isso, que efetuar o pagamento imediato e integral do valor devido, sem descontos ou renegocia√ß√µes.&nbsp;</p><p>Se voc√™ deseja prosseguir com a portabilidade da chave PIX, basta entrar em contato com nosso atendimento e solicitar.&nbsp;</p>"
"planos, calculadora, contratar, valores, incluso",04_Conta,Conta e Planos,Quais os planos e como contratar,"<strong>Os planos da Calculadora de DARF Mensal do Velotax s√£o:</strong><p><strong>Velotax Basic</strong>, que inclui os c√°lculos autom√°ticos de IR e a capacidade de emiss√£o de DARF do m√™s corrente;\n<strong>Velotax Premium</strong>, que inclui os benef√≠cios do Basic, e mais DARFs retroativos ilimitados, carteira de investimentos atualizada, notifica√ß√µes de dividendos e isent√¥metro de impostos;\n<strong>Velotax Concierge</strong>, Inclui tudo que faz parte do Velotax Premium, e mais o especialista dedicado para voc√™, contato por WhatsApp exclusivo, DARFs revisadas por profissional e garantia contra malha fina.</p><p>Para contratar, clique no bot√£o Plano, ao lado esquerdo da tela do site ou na aba de op√ß√µes do app.</p>
[IMAGEM:173nyJZ0_1NhTGua5E2nfdDYeVIPMz71H]
<p>Os planos t√™m vig√™ncia de 1 ano e podem ser contratados parceladamente, em 12 vezes no cart√£o de cr√©dito, ou com pagamento √† vista do valor anual atrav√©s do PIX. Os valores poder√£o ser verificados diretamente na tela de sele√ß√£o do plano, para que voc√™ compare os valores e escolha a op√ß√£o que mais se encaixa para voc√™!</p><p>Basta selecionar o plano desejado, escolher a forma de pagamento dispon√≠vel (PIX ou Cart√£o de Cr√©dito) e ap√≥s o pagamento, ser√° encaminhado um e-mail com a confirma√ß√£o do plano ativo.</p><p><strong>Importante</strong>: N√£o h√° modalidades de contrata√ß√£o mensal ou avulsa dispon√≠veis.</p>"
"planos, calculadora, contratar, valores, incluso",04_Conta,Conta e Planos,"Planos contratados via parceria","<p>O Velotax oferece condi√ß√µes especiais para clientes que contratarem seus servi√ßos atrav√©s das corretoras de investimento parceiras, que utilizam o Velotax como sua calculadora de impostos.</p><p>Ao contratar um plano por meio de uma empresa parceira, o acesso ficar√° restrito √† plataforma dedicada da parceira utilizada para a contrata√ß√£o, n√£o incluindo as funcionalidades do plano pago na p√°gina do Velotax (<a href=""https://www.velotax.com.br"" target=""_blank"">velotax.com.br</a>) ou de outras parceiras. Al√©m disso, o registro de c√°lculos, hist√≥rico de pagamentos de DARF e dados de integra√ß√£o das opera√ß√µes da plataforma parceira n√£o ser√£o compartilhados com outras plataformas cujos servi√ßos n√£o tenham sido contratados.</p><p>Caso opte por contratar o plano diretamente pela nossa plataforma (<a href=""https://www.velotax.com.br"" target=""_blank"">velotax.com.br</a>), voc√™ ter√° acesso simult√¢neo √†s funcionalidades das corretoras parceiras atrav√©s da integra√ß√£o.</p>"
"POP, reagendamento, restitui√ß√£o, banco do brasil",05_POP,POPs B2C,Agendamento de Restitui√ß√£o ,"<p>No processo de agendamento da restitui√ß√£o, √© **obrigat√≥rio confirmar em linha com o cliente todos os dados da conta banc√°ria** antes de seguir com o agendamento e o envio do print. Essa valida√ß√£o √© essencial para evitar erros e retrabalho.</p><p>‚ö†Ô∏è Caso o cliente perceba que informou uma conta errada ap√≥s o agendamento, orientamos da seguinte forma:</p><p>‚ÄúInformamos que o valor da restitui√ß√£o s√≥ pode ser depositado em uma conta da mesma titularidade do contribuinte.</p><p>Se a conta informada n√£o for do mesmo titular, o valor retornar√° automaticamente ao Banco do Brasil, e ser√° necess√°rio realizar um novo agendamento.‚Äù</p><p>Caso haja erro e o cliente perceba no mesmo dia, n√≥s podemos cancelar o agendamento na mesma p√°gina.</p>
<p><strong>Tabula√ß√£o Octadesk:</strong></p><p>Categoria de assunto: <strong>IRPF e Restitui√ß√£o</strong><br>Motivo IRPF: <strong>Restitui√ß√£o</strong><br>Detalhe IRPF: <strong>Situa√ß√£o de Pagamento</strong></p>
"
"POP, pix, engano, erro, envio errado, chave errada",05_POP,POPs B2C,Envio de pix errado,"<p>Em casos de Pix feito por engano, se a transfer√™ncia foi realizada para uma chave do tipo **n√∫mero de telefone**, √© poss√≠vel tentar contato diretamente com esse n√∫mero e solicitar a devolu√ß√£o.</p><p>Caso tenha sido utilizada uma chave **CPF, e-mail ou aleat√≥ria**, orientamos que entre em contato com a institui√ß√£o financeira que recebeu o valor, para verificar as possibilidades de revers√£o.</p><p>---</p><p><strong>Tabula√ß√£o Octadesk:</strong></p><p>Categoria de assunto: <strong>IRPF e Restitui√ß√£o</strong><br>Motivo IRPF: <strong>Velobank</strong><br>Detalhe IRPF: <strong>PIX - Transfer√™ncia Incorreta</strong></p>"
"POP, bloqueio, conta bloqueada",05_POP,POPs B2C,Casos de Bloqueio Judicial,"<p>Sempre que um cliente relatar o n√£o recebimento de valores e, ap√≥s an√°lise, for identificado um bloqueio judicial sobre a conta ou o valor, o padr√£o de atendimento ser√° como a seguir:</p><p>Utilizar a **Macro: Conta com bloqueio judicial**</p><p>O que a macro comunica: A macro informa que a conta ou valor est√° bloqueado por ordem judicial, refor√ßa que n√£o h√° rela√ß√£o com a Velotax, e orienta o cliente a verificar o processo diretamente com o √≥rg√£o respons√°vel.</p><p>‚ö†Ô∏è **Orienta√ß√µes importantes:**</p><p>Utilizem exclusivamente a macro (personalizando conforme a solicita√ß√£o do cliente).<br>O extrato da movimenta√ß√£o deve ser enviado sempre nesses casos, mesmo que o cliente n√£o solicite. Ele traz o n√∫mero do processo e serve como documento de apoio para consulta junto ao √≥rg√£o judicial.<br>Para verificar se h√° bloqueio judicial na conta ou no valor, √© necess√°rio consultar o time de Produto.<br>Em caso de d√∫vidas ou exce√ß√µes, consultem o Emerson</p>"
"POP, ouvidoria, escala√ß√£o, workflow",05_POP,POPs B2C,Escala√ß√£o Casos Especiais,"<p>O campo **ESCALAR CHAMADO** conta com a posi√ß√£o **Casos Especiais ‚Äì Ouvidoria**.</p><p>Essa posi√ß√£o deve ser utilizada sempre que lidarmos com situa√ß√µes que exijam atendimento mais especializado, como:</p><ul><li>Portabilidade da chave PIX</li><li>Amortiza√ß√£o de juros</li><li>Casos de atrito com reclama√ß√£o no BaCen ou amea√ßa de judicializa√ß√£o</li></ul><p>√â importante refor√ßar que atenderemos aos pedidos de portabilidade do PIX e n√£o iremos segurar chave PIX de ningu√©m. Se o cliente mencionar em linha ou ticket que quer a chave PIX de volta e ainda n√£o tiver feito o pagamento, em 100% dos casos dever√° ocorrer a escala√ß√£o.&nbsp;</p><p>Deve-se explicar a regra, dizer ao cliente que durante a contrata√ß√£o ele concordou em manter o PIX com a gente at√© pagamento, mas ser√° enviado √† ouvidoria para an√°lise.&nbsp;</p><p>Casos com a Antecipa√ß√£o j√° paga, ou nem ocorreu contrata√ß√£o, mas est√° com a chave com a Celcoin: embora n√£o deva ser enviado para casos especiais, n√≥s devemos resolver.&nbsp;</p><p>Caso o cliente apresente dificuldade de fazer a portabilidade, deve-se auxiliar no passo a passo da retirada e, se n√£o der certo, a equipe de Produtos dever√° ser acionada para exclus√£o da chave.</p>"
"POP, meus tickets, controle, lista",05_POP,POPs B2C,Lista Meus Tickets - Controle,"<p>Para todos os agentes, dever√° ser criada uma pasta de acompanhamento e controle dos tickets em tratamento. Se voc√™ ainda n√£o tem a pasta personalizada configurada, basta procurar o administrador para que seja criada.&nbsp;</p><p>A fun√ß√£o e uso da mesma poder√° ser vista no v√≠deo a seguir! <a href=""https://www.youtube.com/watch?v=XhWLMd7uraU"" target=""_blank"">https://www.youtube.com/watch?v=XhWLMd7uraU</a></p>"
"POP, tickets, controle, lista",05_POP,POPs B2C,Status de Tickets,"<p>√â importante que os **status de situa√ß√£o do ticket** sejam selecionados da maneira correta. Entender o que cada um indica e quais as a√ß√µes provocadas por eles √© fundamental.</p><p><strong>Novo:</strong></p><p>O ticket com status **novo** n√£o passou por nenhuma altera√ß√£o relevante ou tratamento efetivo.</p><p><strong>Em Andamento:</strong></p><p>Esse status ser√° utilizado quando:<br>Chamados j√° est√£o passando por altera√ß√µes e tratamento est√° sendo encaminhado<br>Chamado est√° transitando por algum workflow (Financeiro, Suporte N2 ou qualquer similar)<br>√öltima atualiza√ß√£o do chamado foi por parte do Solicitante e a√ß√£o do agente √© necess√°ria.</p><p><strong>Pendente:</strong></p><p>O status **pendente** determina que alguma a√ß√£o √© esperada por parte do Solicitante. Nesse caso, o ticket ser√° posicionado como Pendente e inicia-se uma contagem de tempo para esse retorno. Dentro de 24h o solicitante receber√° um lembrete de que uma a√ß√£o √© necess√°ria. Ao se atingir as 24h consecutivas (total de 48h) ele ser√° notificado que o ticket foi considerado abandonado e ser√° fechado.</p><p><strong>Resolvido:</strong></p><p>Depois de toda a√ß√£o decisiva do agente, ou do final de qualquer processo, o ticket ser√° posicionado no status **Resolvido**. Caso o cliente responda ou retorne com mais informa√ß√µes ou novas situa√ß√µes, o ticket ser√° reaberto no status Em Andamento.</p><p><strong>Cancelado:</strong></p><p>Status utilizado para tickets de teste ou spam, que n√£o dever√£o figurar nas estat√≠sticas de atendimento.</p><p><strong>N√£o deixar ticket em andamento/pendente sem justificativa</strong><br>Se n√£o houver solicita√ß√£o adicional por parte do cliente ou necessidade de retorno futuro, o ticket deve ser resolvido com a devolutiva apropriada.</p><p>üìå Tickets deixados abertos sem justificativa atrapalham o controle de SLA e podem gerar confus√£o na prioriza√ß√£o.</p>"
"POP, tickets, controle, lista",05_POP,POPs B2C,Boas Pr√°ticas de Tratamento do Ticket,"<p>üîé <strong>1. Verifica√ß√£o correta de tickets anteriores</strong><br>Durante o atendimento, n√£o se limitem ao atalho do ‚Äúbonequinho‚Äù no canto superior direito da tela, pois ele s√≥ retorna os tickets associados a um e-mail espec√≠fico, para consultar o hist√≥rico do cliente.</p><p>‚úÖ Fa√ßam tamb√©m a verifica√ß√£o na se√ß√£o ‚Äú<strong>Informa√ß√µes do Cliente</strong>‚Äù, onde ficam centralizados os atendimentos anteriores.<br>‚úÖ E, na busca no canto superior esquerdo, selecionem ‚Äú<strong>CPF do titular</strong>‚Äù no primeiro campo e insiram o CPF do cliente no campo √† direita.</p><p><strong>Anota√ß√µes Internas</strong></p><p>Todas as informa√ß√µes relevantes de um atendimento, principalmente nos casos atendidos por central telef√¥nica, devem obrigatoriamente ser registradas na anota√ß√£o interna. Essa etapa √© fundamental e garante:</p><p><strong>Coer√™ncia no atendimento:</strong> Clientes que n√£o estejam sendo atendidos pela primeira vez ter√£o essas informa√ß√µes acess√≠veis ao agente que os atende no momento, aumentando a coes√£o do time.<br><strong>Maior fluidez de tratamento:</strong> Tickets devidamente detalhados dispensam retornos e confer√™ncias por times de N2, garantindo que o time respons√°vel possa fazer a an√°lise adequada e tomar as provid√™ncias necess√°rias com agilidade.</p><p>Al√©m disso, destacamos que:</p><p>üîπ A anota√ß√£o interna deve ser utilizada em todos os atendimentos, sempre que houver detalhes relevantes ou contexto que precisam ser mantidos no hist√≥rico do cliente.<br>üîπ Um bom uso da anota√ß√£o contribui diretamente para a continuidade do atendimento, evita retrabalho e garante transpar√™ncia entre o time.</p>"
"POP, meus ticets, controle, lista",05_POP,POPs B2C,Estorno de Planos,"<p><strong>Verifica√ß√£o de Elegibilidade para Cancelamento</strong><br>O cancelamento da assinatura pode ser solicitado pelo cliente dentro do prazo de 7 dias corridos ap√≥s a contrata√ß√£o, desde que n√£o tenha havido o uso de fun√ß√µes exclusivamente pagas da plataforma, como emiss√£o de DARFs e de Relat√≥rios.&nbsp;</p><p><strong>Verifica√ß√£o de Uso da Ferramenta</strong><br>Acesse o CRM. Abra um novo ticket ou acesse o ticket existente, o que for aplic√°vel. Atribua a responsabilidade para si. Certifique-se que a categoria de Assunto √© Calculadora. Insira o CPF do cliente no campo CPF do Titular (j√° preenchido no caso de abertura de ticket online). Na caixa Consulta Veloboard selecione Informa√ß√µes do Cliente. Salve o ticket com status Em Andamento. Ap√≥s alguns segundos, um coment√°rio interno com as informa√ß√µes ser√° gerado.&nbsp;</p><p>Se o cliente estiver dentro dos par√¢metros para elegibilidade do estorno de plano, efetue o preenchimento adequado das informa√ß√µes da tabula√ß√£o:<br>Motivo Calculadora: <strong>Plano</strong><br>Detalhe Calculadora: <strong>Estorno/Cancelamento</strong><br>Escalar Chamado: <strong>Fin|Estorno - Cancelamento de Plano</strong><br>Motivo do Estorno: <strong>Selecione op√ß√£o adequada da lista</strong><br>Observa√ß√µes do Cliente: <strong>Brevemente inserir a justificativa do cliente pelo pedido</strong><br>Data da Solicita√ß√£o: <strong>Data em que foi pedido efetivamente o estorno. N√£o necessariamente a mesma do chamado.</strong><br>Plano Contratado: <strong>Selecione o plano adequado na lista</strong><br>Valor do Estorno | Proporcional: <strong>Em casos de estorno de valor diferente do total do plano, preencher o valor proporcional.</strong><br>Status: <strong>Em Andamento.</strong>&nbsp;</p><p>O ticket"
"POP, cadastro, altera√ß√£o, e-mail. contas",05_POP,POPs B2C,Alterar email do usu√°rio,"<strong>Guia para Altera√ß√£o de E-mail do Cliente</strong><p>1. <strong>Solicita√ß√£o Inicial</strong>\nO cliente entra em contato via telefone solicitando a altera√ß√£o do e-mail.\nSolicitar o CPF do cliente e o novo e-mail desejado.\nPedir para confirmar o e-mail antigo cadastrado.</p><p>2. <strong>Confirma√ß√£o do Novo E-mail</strong>\nEnviar a macro de sauda√ß√£o para o novo e-mail.\nSolicitar ao cliente que confirme o recebimento.\nAssim que confirmado, enviar a macro [Atendimento] Troca de e-mail - Valida√ß√£o com foto.</p><p>3. <strong>Valida√ß√£o da Identidade</strong>\nExplicar ao cliente que ser√° necess√°rio que ele tenha um documento com foto em m√£os.\nEle deve tirar uma selfie segurando o documento ao lado do rosto.\nAs informa√ß√µes no documento devem estar claras, e o rosto do cliente vis√≠vel.\nCaso a imagem recebida n√£o esteja adequada, solicitar uma nova verifica√ß√£o ao cliente.</p><p>4. <strong>Acessando a Plataforma para Alterar o E-mail</strong>\nSolicitar o supervisor um token de acesso √† plataforma.\nAcessar a calculadora do cliente pelo link:\n <a href=""[https://app.velotax.com.br/p/sso/(cole](https://app.velotax.com.br/p/sso/(cole) aqui o token)"" target=""_blank"">[https://app.velotax.com.br/p/sso/(cole](https://app.velotax.com.br/p/sso/(cole) aqui o token)</a>\nNa p√°gina inicial da calculadora, clicar em ""Conta"" no canto inferior esquerdo.</p>"
"Links, link, telefone",06_ferramentas,Ferramentas do Agente,Telefones e Links P√∫blicos,"<p>Estes telefones e links podem ser divulgados para os clientes e serem usados como ferramentas do atendimento. \n<strong>Central de atendimento</strong>\nCapitais e Regi√µes metropolitanas: 3003-7293\nDemais localidades: 0800-800-0049\nFormul√°rio de abertura de ticket: <a href=""https://bit.ly/4g4FkRZ"" target=""_blank"">https://bit.ly/4g4FkRZ</a> - N√£o utilizar\nLink de abertura pelo app: <a href=""https://support.velotax.com.br/"" target=""_blank"">https://support.velotax.com.br/</a>\nWhatsApp Concierge escrit√≥rios: +55 11 91234-2309 (link escrit√≥rios Concierge)\nWhatsApp Concierge Pessoa F√≠sica (B2C): +55 11 93081-9393</p><p><strong>Sites</strong>\nSite Velotax: <a href=""https://www.velotax.com.br/"" target=""_blank"">https://www.velotax.com.br/</a>\nSite VeloPro: <a href=""https://velopro.velotax.com.br/p/cadastrar"" target=""_blank"">https://velopro.velotax.com.br/p/cadastrar</a></p><p><strong>Whitelabel com as Corretoras</strong>\nXP Velotax: <a href=""https://xp.velotax.com.br/p/cadastrar"" target=""_blank"">https://xp.velotax.com.br/p/cadastrar</a>\nBTG Velotax: <a href=""https://btg.velotax.com.br/p/cadastrar"" target=""_blank"">https://btg.velotax.com.br/p/cadastrar</a>\nWarren Velotax: <a href=""https://warren.velotax.com.br/p/cadastrar"" target=""_blank"">https://warren.velotax.com.br/p/cadastrar</a></p><p><strong>Links para download do app</strong>\nAplicativo app store. <a href=""https://apps.apple.com/br/app/velotax-irpf/id6499226151"" target=""_blank"">https://apps.apple.com/br/app/velotax-irpf/id6499226151</a>\nAplicativo play store: <a href=""https://play.google.com/store/apps/details?id=br.com.velotax.irpf.app&hl=pt_BR&pli=1"" target=""_blank"">https://play.google.com/store/apps/details?id=br.com.velotax.irpf.app&hl=pt_BR&pli=1</a></p><p><strong>Redes Sociais</strong>\nLinkedin: <a href=""https://www.linkedin.com/company/velotax-calculadora-de-ir/"" target=""_blank"">https://www.linkedin.com/company/velotax-calculadora-de-ir/</a>\nFacebook: <a href=""https://www.facebook.com/Velotax.com.br"" target=""_blank"">https://www.facebook.com/Velotax.com.br</a>\nInstagram: <a href=""https://www.instagram.com/velo_tax?igsh=Y3hjb3VraGppYmFs"" target=""_blank"">https://www.instagram.com/velo_tax?igsh=Y3hjb3VraGppYmFs</a>\nPlaylist MoneyMakers Spotify: <a href=""https://open.spotify.com/show/2Nx0w2JeaTbjVIcqFw6yG4?si=a4d821e1dbdf4b0e"" target=""_blank"">https://open.spotify.com/show/2Nx0w2JeaTbjVIcqFw6yG4?si=a4d821e1dbdf4b0e</a></p>"
"Links, link, telefone",06_ferramentas,Ferramentas do Agente,Telefones e Links Internos,"<p><strong>Telefones e Links Internos</strong>\nOs n√∫meros e links fornecidos aqui s√£o para uso interno dos agentes e n√£o dever√£o, em nenhuma circunst√¢ncia, ser divulgados a terceiros.</p><p><strong>Telefones de uso interno</strong>\nTel. Cobran√ßa ativo (n√£o divulgar): 11 3336-6691\nWhatsapp cobran√ßa (n√£o divulgar): 11 97028-3915</p><p><strong>Links de plataforma</strong>\nOctadesk: <a href=""https://app.octadesk.com/"" target=""_blank"">https://app.octadesk.com/</a>\nVeloboard: <a href=""https://veloboard.velotax.com.br/"" target=""_blank"">https://veloboard.velotax.com.br/</a>\nReclame Aqui Velotax: <a href=""https://www.reclameaqui.com.br/empresa/velotax/"" target=""_blank"">https://www.reclameaqui.com.br/empresa/velotax/</a>\n55PBX Webphone: <a href=""https://fone.55pbx.com/webphone/login"" target=""_blank"">https://fone.55pbx.com/webphone/login</a>\nConferir se cliente √© Concierge: Escrit√≥rios_concierge.xlsx</p><p><strong>Token Calculadora</strong>\nVelotax: <a href=""[https://app.velotax.com.br/p/sso/(cole](https://app.velotax.com.br/p/sso/(cole) aqui o token)"" target=""_blank"">[https://app.velotax.com.br/p/sso/(cole](https://app.velotax.com.br/p/sso/(cole) aqui o token)</a>\nXP: <a href=""[https://xp.velotax.com.br/p/sso/(cole](https://xp.velotax.com.br/p/sso/(cole) aqui o token)"" target=""_blank"">[https://xp.velotax.com.br/p/sso/(cole](https://xp.velotax.com.br/p/sso/(cole) aqui o token)</a>\nBTG: <a href=""[https://btg.velotax.com.br/p/sso/(cole](https://btg.velotax.com.br/p/sso/(cole) aqui o token)"" target=""_blank"">[https://btg.velotax.com.br/p/sso/(cole](https://btg.velotax.com.br/p/sso/(cole) aqui o token)</a>\nWarren: <a href=""[https://warren.velotax.com.br/p/sso/(cole](https://warren.velotax.com.br/p/sso/(cole) aqui o token)"" target=""_blank"">[https://warren.velotax.com.br/p/sso/(cole](https://warren.velotax.com.br/p/sso/(cole) aqui o token)</a>\nMynt: <a href=""[https://mynt.velotax.com.br/p/sso(cole](https://mynt.velotax.com.br/p/sso(cole) aqui o token)"" target=""_blank"">[https://mynt.velotax.com.br/p/sso(cole](https://mynt.velotax.com.br/p/sso(cole) aqui o token)</a></p><p><strong>Token Velopro</strong>\nVelopro XP: <a href=""[https://xppro.velotax.com.br/p/sso/(cole](https://xppro.velotax.com.br/p/sso/(cole) aqui o token)"" target=""_blank"">[https://xppro.velotax.com.br/p/sso/(cole](https://xppro.velotax.com.br/p/sso/(cole) aqui o token)</a>\nVeloPro BTG: <a href=""[https://btgpro.velotax.com.br/p/sso/(cole](https://btgpro.velotax.com.br/p/sso/(cole) aqui o token)"" target=""_blank"">[https://btgpro.velotax.com.br/p/sso/(cole](https://btgpro.velotax.com.br/p/sso/(cole) aqui o token)</a>\nVeloPro Warren: <a href=""[https://warrenpro.velotax.com.br/p/sso/(cole](https://warrenpro.velotax.com.br/p/sso/(cole) aqui o token)"" target=""_blank"">[https://warrenpro.velotax.com.br/p/sso/(cole](https://warrenpro.velotax.com.br/p/sso/(cole) aqui o token)</a></p><p><strong>Plataforma para testes e simula√ß√µes</strong>\nDev Velotax: <a href=""https://app-dev.velotax.com.br/p/login"" target=""_blank"">https://app-dev.velotax.com.br/p/login</a> - Ao criar usu√°rio, preencha com a letra ‚ÄúT‚Äù na frente do nome para que se possa identificar em caso de avalia√ß√µes.\nPara n√£o ter que usar seu documento real, o agente pode criar um CPF fict√≠cio no site 4Devs: <a href=""https://www.4devs.com.br/#google_vignette"" target=""_blank"">https://www.4devs.com.br/#google_vignette</a>\nA senha dever√° ser sempre: 123123</p><p><strong>Op√ß√£o de site para verificar valor da a√ß√£o</strong>: <a href=""https://br.investing.com/equities"" target=""_blank"">https://br.investing.com/equities</a></p>"
teste,06_ferramentas,Ferramentas do Agente,teste,teste teste
"Estilo, assinatura, fechamento",07_manual  de voz,Manual de Voz e Estilo,"Despedidas e Encerramento de atendimento","<p>As despedidas dever√£o sempre demonstrar a atitude acess√≠vel e proativa do Velotax, com simpatia e profissionalismo. \nSe haver√° continuidade do atendimento, deixe claro que a atua√ß√£o est√° em andamento e a situa√ß√£o corrente de forma clara e coerente com a situa√ß√£o.</p><p><strong>Se informa√ß√µes adicionais, necess√°rias √† investiga√ß√£o e/ou resolu√ß√£o, foram solicitadas ao cliente:</strong>\n‚ÄúAguardo seu retorno para dar continuidade ao seu atendimento. \nNome S. - Atendimento Velotax‚Äù</p><p>‚ÄúAssim que me retornar com as informa√ß√µes, seguiremos para a solu√ß√£o do seu caso. \nNome S. - Atendimento Velotax‚Äù</p><p>‚ÄúCom essas informa√ß√µes em m√£os, resolveremos seu problema rapidamente. \nNome S. - Atendimento Velotax‚Äù</p><p><strong>Em casos de escala√ß√£o e procedimentos sendo realizados, posicione o cliente sobre a necessidade de aguardar, deixando o caminho livre para continua√ß√£o do atendimento:</strong></p><p>‚ÄúAssim que tivermos processado seu pedido, eu te retorno por este mesmo email. Fico a disposi√ß√£o se precisar de algo. \nNome S. - Atendimento Velotax‚Äù</p><p>‚ÄúSeu pedido foi encaminhado para o time respons√°vel e te retorno assim que conclu√≠do.\nNome S. - Atendimento Velotax‚Äù</p><p>Procure, principalmente em contatos finais e encerramentos do atendimento, se despedir de forma padronizada e alinhada com a identidade da empresa.</p><p>‚ÄúSe tiver mais alguma d√∫vida, basta entrar em contato com nosso atendimento.\nNome S. - Atendimento Velotax‚Äù</p><p>‚ÄúCaso precise de mais informa√ß√µes, nosso atendimento estar√° a disposi√ß√£o.\nNome S. - Suporte Velotax‚Äù</p><p>‚ÄúSe precisar de mais alguma ajuda, n√£o hesite em perguntar.\nAtenciosamente\nNome S. - Atendimento Velotax‚Äù</p><p>Lembre-se: O agente est√° falando em nome da empresa e deve encerrar o contato como tal: de forma s√©ria, cordial, receptiva e deixando a porta aberta para novos contatos. \nN√£o utilize de informalidades como emojis, figurinhas, frases motivacionais, ‚Äúbeijos‚Äù, e outras comunica√ß√µes que n√£o estejam relacionadas aos t√≥picos do atendimento.</p>"
"manual de voz, estilo, escrita",07_manual  de voz,Manual de Voz e Estilo,Introdu√ß√£o,"<p>Este √© um documento vivo, em constante revis√£o e evolu√ß√£o. A proposta √© que sirva como guia para todos os conte√∫dos que n√≥s, Velotaxers, formos construir. N√£o importa quem esteja atuando naquele contato, ou meio de comunica√ß√£o utilizado, todos vamos comunicar na mesma voz, tons e estilo da nossa marca, oferecendo uma experi√™ncia linear e completa para os nossos clientes.</p><p>Antes de come√ßarmos √© importante entender de forma simples o que √© voz, tom e estilo e o porqu√™ de criar um material como este.</p><p>Todos n√≥s temos a nossa voz, que √© √∫nica. E todos tamb√©m temos diversos tons de voz, que adequamos de acordo com cada situa√ß√£o do dia a dia. O mesmo acontece com uma marca.</p><p>A voz √© a personalidade da marca. O tom reflete a forma como essa voz √© aplicada - atrav√©s da nossa comunica√ß√£o com os nossos clientes. J√° o estilo √© um guia de fontes, cores, palavras e dicas para expressar essa voz e tom, na pr√°tica do dia a dia.</p>"
"manual de voz, estilo, escrita",07_manual  de voz,Manual de Voz e Estilo,"Nossa voz","<p><strong>Velotax:</strong> Pron√∫ncia /ve.loÀàt√¶ks/. Substantivo masculino. O Velotax. O aplicativo do Velotax. Fa√ßa seu imposto no Velotax.<br><strong>Velo:</strong> latim, velocidade.<br><strong>Tax:</strong> ingl√™s, imposto.</p><p><strong>Nossa miss√£o:</strong> simplificar o modo com que as pessoas lidam com seus impostos.</p><p>Pensando na nossa miss√£o e nos princ√≠pios que nos guiam, estamos aqui para descomplicar os impostos e simplificar a vida das pessoas. A nossa raz√£o de existir √© simplificar os impostos para que as pessoas tenham mais tempo livre para fazerem o que realmente gostam. Queremos ‚Äútraduzir‚Äù impostos, explicar de maneira f√°cil e transparente para empoderar nossos usu√°rios.</p><p>Somos uma <strong>Taxtech</strong> e um <strong>Correspondente Banc√°rio</strong>. Como plataforma lidamos com impostos, tributa√ß√µes e obriga√ß√µes, portanto, passamos seriedade e confian√ßa. Este √© um assunto que preocupa a maioria das pessoas e, em face de constantes mudan√ßas, gera um ambiente de d√∫vidas e inseguran√ßa. N√≥s simplificamos esse ambiente atrav√©s da tecnologia e de uma linguagem clara, demonstrando que somos √°geis e acess√≠veis. Como Correspondente Banc√°rio, o Velotax √© uma plataforma digital que atua para facilitar o processo de contrata√ß√£o de empr√©stimos baseados em recebimentos aos quais o usu√°rio tem direito.</p><p><strong>Adjetivos que definem nossa personalidade:</strong><br>descomplicada;<br>simples;<br>direta;<br>r√°pida;<br>confi√°vel;<br>s√©ria.</p><p>Somos descomplicados e explicamos tudo de maneira simples, mas n√£o usamos g√≠rias e jarg√µes. Somos diretos e r√°pidos, mas n√£o somos secos e frios. Somos confi√°veis e s√©rios, mas n√£o somos engessados e burocr√°ticos, fazendo tudo com leveza e seguran√ßa.</p><strong>Nossos tons</strong><p>‚ÄúYour tone also changes depending on the emotional state of the person you‚Äôre addressing. You wouldn‚Äôt want to use the same tone of voice with someone who‚Äôs scared or upset as you would with someone who‚Äôs laughing‚Äù. Mailchimp<br>(Tradu√ß√£o livre: seu tom tamb√©m muda dependendo do estado emocional da pessoa com quem voc√™ fala. Voc√™ n√£o gostaria de usar o mesmo tom de voz com algu√©m que est√° assustado ou triste que usaria com algu√©m que est√° rindo.)</p><p>Uma marca possui uma voz e muitos tons. O tom √© a forma de usar essa voz diante de cada intera√ß√£o com o p√∫blico, com os clientes.</p><p>Se o cliente est√° feliz, n√≥s vamos responder de maneira alegre, e tamb√©m temos abertura at√© para pedir que ele nos indique para fam√≠lia"
"manual de voz, estilo, escrita",07_manual  de voz,Manual de Voz e Estilo,Estilo,"<p>‚ÄúSempre que estiver se comunicando com os clientes, pergunte-se: ‚ÄòIsso est√° claro? √â gentil? √â √∫til?‚Äù Kate Kiefer Lee</p><p>Como aplicar o nosso tom e vozes no dia a dia de trabalho? Abaixo est√£o alguns exemplos pr√°ticos.</p><strong>Contatos iniciais</strong><p>Sempre cumprimentar o cliente. Para mensagens escritas, siga um padr√£o de aproxima√ß√£o do tipo: Sauda√ß√£o, bom dia/boa tarde e perguntar como ele est√°.\nSempre se apresente na sequ√™ncia e . Saber com quem fala e que h√° um respons√°vel atento ao seu caso gera seguran√ßa confian√ßa com o cliente.\nSinalizar o reconhecimento √† demanda do cliente e dar direcionamento, mesmo que parcial, demonstrando proatividade na resolu√ß√£o.\nEm caso de necessidade de novas informa√ß√µes, confirma√ß√µes, esclarecimentos, ou mais dados para prosseguir, solicitar os mesmos de forma gentil e clara. Se houver necessidade de instru√ß√µes espec√≠ficas para esses dados, fornec√™-los prontamente nesta mesma solicita√ß√£o. Isso evita o vai e volta de mensagens, mostrando praticidade e proatividade na resolu√ß√£o.</p><strong>Cliente satisfeito</strong><p>Diante de uma resposta em tom alegre, elogio, ou manifesta√ß√£o positiva, o que fazer:\nPerguntar como o cliente est√° e responder de volta caso ele pergunte: ‚ÄúOi, Jo√£o! Tudo bem?‚Äù. ‚ÄúEstou bem, obrigada por perguntar‚Äù.\nSe o cliente elogiar, interagir com ele: ‚ÄúFico muito feliz em saber que voc√™ est√° gostando da nossa plataforma.‚Äù.\nAo se despedir, pode-se assinar falando em seu pr√≥prio nome e em nome da equipe de atendimento/suporte, e colocando-se sempre a disposi√ß√£o para novas demandas no futuro.</p><strong>O que n√£o fazer:</strong><p>X Usar emojis.\nX Usar g√≠rias e abrevia√ß√µes. (Pq, vlw, flw, btc‚Ä¶).\nX Chamar o cliente por um apelido. (Cliente se chama Michel e falar: ‚ÄúOi, Mi!‚Äù).\nX N√£o se despedir com ‚Äúbeijos‚Äù, ‚Äúabra√ßos‚Äù e semelhantes.</p><strong>Cliente frustrado</strong><p>Se um cliente tem algum problema e est√° frustrado, precisamos ajustar esse tom de voz, caso contr√°rio, vamos deixar o cliente ainda mais frustrado e tamb√©m irritado.</p><p>Tom de voz emp√°tico: ‚ÄúEntendo sua frustra√ß√£o.‚Äù. ‚ÄúSinto muito por essa experi√™ncia.‚Äù.\nTom de voz solucionador: ‚ÄúVou te ajudar a resolver.‚Äù, ‚ÄúPode contar comigo.‚Äù, ‚ÄúSou respons√°vel pelo seu chamado e vou te ajudar a resolver o mais r√°pido poss√≠vel‚Äù.\nAtitude positiva. Reconhecemos as melhorias necess√°rias, mas n√£o ficamos lamentando e pedindo desculpas demais. Focamos em resolver o problema e seguir adiante.\nTodo feedback construtivo √© positivo, agradecemos, anotamos e passamos adiante. ‚ÄúObrigada, seu feedback nos ajuda a melhorar‚Äù. ‚ÄúSeu feedback √© muito importante para n√≥s.‚Äù.</p><strong>O que n√£o fazer:</strong><p>X Perguntar se est√° tudo bem (n√£o, n√£o est√°).\nX Utilizar express√µes como ‚ÄúAgrade√ßo a compreens√£o‚Äù. O cliente n√£o disse que compreende e pode soar como uma forma de silenciar a pessoa. ‚Äú√â isso, n√£o adianta argumentar‚Äù.\nX Culpar o cliente (o √≥bvio nem sempre √© √≥bvio e se o usu√°rio fez algo de errado, nossa fun√ß√£o √© colaborar e direcionar).\nX Demorar a responder o cliente. A espera para quem est√° aguardando solu√ß√£o √© um fator de irrita√ß√£o. Se o problema ainda n√£o foi solucionado, envie uma resposta reafirmando que est√° trabalhando para resolver o mais r√°pido poss√≠vel).\nX Responder de maneira prolixa e/ou complexa. N√£o permita que o cliente se sinta ‚Äúenrolado‚Äù.\nX E, como o √≥bvio nem sempre √© √≥bvio: jamais xingar, depreciar, debochar, expor, humilhar, constranger nossos clientes.</p>"
"manual de voz, estilo, escrita",07_manual  de voz,Manual de Voz e Estilo,Primeira pessoa do singular ou do plural?,"<p>No Suporte, o ideal √© sempre falar na primeira pessoa do singular, afinal, voc√™ se apresentou, e seu nome aparece no chamado. Al√©m disso, √© muito importante para o cliente ter uma refer√™ncia a quem recorrer: ‚ÄúSei que o Lucas G. est√° com meu chamado, me ajudando a resolver‚Äù.</p><p>Usamos a primeira pessoa do plural para:</p><p>Responder plataformas p√∫blicas: Al√©m da resposta aparecer em nome do Velotax, estamos falando como o Velotax.<br>Quando falamos sobre um posicionamento adotado pela empresa, como, por exemplo, na recomenda√ß√£o de uma interpreta√ß√£o ou procedimento: ‚ÄúN√≥s recomendamos sempre aos nossos clientes que fa√ßam os c√°lculos mensalmente.‚Äù.</p>"
"manual de voz, estilo, escrita",07_manual  de voz,Manual de Voz e Estilo,"Dicas de Escrita","<p><strong>Aten√ß√£o √† correta gram√°tica de sua escrita.</strong> Lembre-se que uma de nossas fun√ß√µes √© a correta tradu√ß√£o e compreens√£o de leis, regulamentos e regras. Mensagens com erros de portugu√™s e falta de aten√ß√£o √† forma como s√£o compostas podem transmitir uma imagem de desleixo e imprecis√£o.</p><p>Seguem agora alguns guias e refer√™ncias para qualquer d√∫vida ou esquecimento que possa haver.</p><strong>Interjei√ß√µes</strong><p>Lembre-se de colocar a v√≠rgula logo ap√≥s as interjei√ß√µes e outros cumprimentos. A exclama√ß√£o ap√≥s o nome √© opcional, mas gera simpatia na forma da escrita. Seleciona a forma que mais se adequa ao tema do atendimento.<br>Apresente-se na sequ√™ncia (com a forma como prefere que o nome seja referido, sem problemas), e se coloque como parte do time. Deixe o cliente saber que est√° em boas m√£os.</p><p>Para contatos consecutivos, n√£o √© necess√°rio se apresentar novamente se a conversa n√£o foi reatribu√≠da ou transferida de responsabilidade. Cumprimente o cliente, e siga para o t√≥pico de maneira objetiva.</p><strong>Nomes Pr√≥prios</strong><p>Nomes pr√≥prios se iniciar√£o sempre com letra mai√∫scula. Nomes pr√≥prios compostos ter√£o todas as primeiras letras mai√∫sculas.<br>Ex.: Velotax, Receita Federal, Bolsa de Valores.</p><strong>Siglas</strong><p>Apesar das regras a respeito desse tema serem relativamente nebulosas, pode-se acatar como padr√£o a forma jornal√≠stica do uso das siglas, porque se obt√©m uma familiaridade com o leitor, que j√° se habituou a v√™-las dessa forma em publica√ß√µes corriqueiras do dia a dia.<br>Dessa forma, opte por utilizar letras mai√∫sculas para as siglas.<br>Ex.: IR, DARF, RF, IRPF.</p><strong>Uso do H√≠fen</strong><p><strong>Prefixo mini</strong><br>Se a palavra posterior come√ßar com i ou h, usa-se h√≠fen. Exemplo: mini-√≠ndice.<br>Se a palavra posterior come√ßar com r ou s, dobra a consoante e se escreve tudo junto. Exemplo: miniss√©rie, minirreforma.<br>Demais casos: n√£o h√° h√≠fen e se escreve junto. Exemplo: minicontrato, minid√≥lar.</p><p><strong>Prefixo sub</strong><br>Usado para indicar algo que est√° abaixo, inferior.<br>Se a segunda palavra come√ßa com b, h ou r usa-se h√≠fen. Exemplo: sub-reitor.<br>Demais casos: n√£o se usa h√≠fen, se escreve junto. Exemplo: submotivo, subutilizar.</p><p><strong>N√£o tem mais!</strong><br>N√£o se usa mais h√≠fen em: dia a dia e passo a passo.</p><p><strong>Sempre teve e continua tendo</strong><br>Bem-vinda/o, boas-vindas: ‚ÄúSeja bem-vinda ao Velotax!‚Äù.</p><strong>Uso de Crase</strong><p><strong>A + a</strong><br>Mistura ou fus√£o: √© contra√ß√£o de vogais id√™nticas, preposi√ß√£o a + artigo feminino a ou a inicial de pronomes. Confira algumas dicas simples (apenas as mais usuais):\nSe usa apenas diante de palavras femininas. Uma dica √©, na d√∫vida, sempre testar substituir por um sin√¥nimo masculino, se se usar ‚Äúao‚Äù a palavra feminina ter√° crase. Exemplo: estarei atenta ao problema; estarei atenta √† situa√ß√£o; fui ao Velotax; fui √† empresa.<br>Ao indicar horas: √†s 8h, √†s 14h, √†s 18h30‚Ä¶<br>√â opcional diante de pronomes possessivos femininos: estou √† sua disposi√ß√£o (estou √† disposi√ß√£o tem crase);</p><strong>Gerundismo</strong><p>O gerundismo deve ser evitado a todo custo. √â muito citado em experi√™ncias ruins de atendimento, e por isso, gera um sentimento autom√°tico de rejei√ß√£o ao atendimento. N√£o √© uma maneira elegante, tampouco clara de se comunicar. Complica a compreens√£o e passa a impress√£o de inefici√™ncia.</p><p>‚ÄúO gerundismo √© o uso inadequado do ger√∫ndio e se tornou um v√≠cio de linguagem. Ele apareceu por conta de tradu√ß√µes ruins da l√≠ngua inglesa e pelo uso corriqueiro e demasiado, prejudicando a comunica√ß√£o verbal e escrita da forma correta do Ger√∫ndio. O gerundismo d√° a ideia de um futuro em andamento, uma a√ß√£o duradoura que n√£o ser√° finalizada nunca; j√° o ger√∫ndio, usado na forma adequada, d√° ideia de uma a√ß√£o em andamento.‚Äù InfoEscola</p><p>Evite esse v√≠cio, principalmente, nas situa√ß√µes de atendimento telef√¥nico, ou por canais de comunica√ß√£o direta (whatsapp ou mensageiros de redes sociais). Prezamos pela inova√ß√£o e clareza nas informa√ß√µes e no tratamento das solicita√ß√µes dos cliente. Dessa forma, vamos evitar que a comunica√ß√£o da empresa seja considerada igual a de tantos outros servi√ßos j√° considerados insatisfat√≥rios.</p><p>Como n√£o falar: estarei fazendo, estarei ligando, vou estar verificando, posso estar te passando, posso estar te ajudando, estarei te ligando, etc.<br>Como falar: de todas as outras maneiras. Vou fazer, vou ligar, verifiquei, vou te passar, posso te ajudar, estou calculando, etc.</p>"
"manual de voz, estilo, escrita",07_manual  de voz,Manual de Voz e Estilo,Gloss√°rio,"<p><strong>‚ÄúPor que‚Äù</strong> (separado e sem acento), para pergunta em que se espera explica√ß√£o ou motivo. \n‚ÄúPor que preciso fazer integra√ß√£o com o gov?\n<strong>‚ÄúPorque‚Äù</strong> (junto e sem acento), para a explica√ß√£o de algo. Comumente a resposta do ‚ÄúPor que‚Äù \n‚ÄúPorque podemos carregar as informa√ß√µes automaticamente dessa forma‚Äù\n<strong>‚ÄúPorqu√™‚Äù</strong> (junto, com acento), para demonstrar questionamento de um assunto apresentado.\n‚ÄúMinha declara√ß√£o est√° na malha fina, mas n√£o entendi o porqu√™.‚Äù\n<strong>‚ÄúPor qu√™‚Äù</strong> (separado, com acento), para interrogativas diretas, seguido do ponto de interroga√ß√£o. \n‚ÄúMinha declara√ß√£o continua em processamento. Por qu√™?‚Äù\n<strong>Mas</strong>: oposi√ß√£o, sin√¥nimo de por√©m, contudo, entretanto, todavia‚Ä¶\n<strong>Mais</strong>: quantidade, ant√¥nimo de menos.\n<strong>Mal</strong>: ant√¥nimo de bem. Exemplo: mal-estar do agente.\n<strong>Mau</strong>: ant√¥nimo de bom. Exemplo: mau funcionamento da plataforma. \n<strong>Com rela√ß√£o a</strong>: usada para introduzir/come√ßar um assunto.\n<strong>Em rela√ß√£o a</strong>: usada para comparar. Geralmente, cont√©m dados, n√∫meros.\n<strong>Contanto</strong>: condi√ß√£o.\n<strong>Contando</strong>: contar.\n<strong>Por ora</strong>: por enquanto.\n<strong>Por hora</strong>: a hora, os minutos.\n<strong>Receita Federal</strong>: nome pr√≥prio, portanto, escrito com iniciais mai√∫sculas.\n<strong>Passo a passo</strong> (caiu o h√≠fen).\n<strong>Dia a dia</strong> (caiu o h√≠fen).\n<strong>Bem-vindo, bem-vinda e boas-vindas</strong> (tudo com h√≠fen).\n<strong>Att</strong> n√£o √© abrevia√ß√£o de atenciosamente, mas de ""in attenttion to"", que em ingl√™s √© equivalente √† ""A/C"" (aos cuidados de), utilizada para direcionar o documento a um destinat√°rio espec√≠fico. Segundo a Academia Brasileira de Letras, a abrevia√ß√£o de ""Atenciosamente"" √© ""At. te"". O ideal √© n√£o fazer uso de abrevia√ß√µes.\n<strong>Despercebido</strong>: que n√£o se nota (nega o verbo perceber).\n<strong>Desapercebido</strong>: desprevenido, desprovido.\n<strong>Ainda assim</strong>: apesar disso, por√©m, entretanto, mesmo assim...\n<strong>Ainda sim</strong>: uso incomum (n√£o recomendado), ant√¥nimo de ‚Äúainda n√£o‚Äù, mas usado erroneamente no lugar de ‚Äúainda assim‚Äù.\n<strong>√Ä disposi√ß√£o</strong>, com crase: locu√ß√£o adverbial, estar ao dispor de algu√©m. Exemplo: eu fico √† disposi√ß√£o, caso ainda precise de ajuda.\n<strong>A disposi√ß√£o</strong>, sem crase: se refere ao modo como algo est√° organizado ou √† condi√ß√£o f√≠sica/mental de algu√©m\n<strong>√Ä vontade</strong>, com crase: locu√ß√£o adverbial. Fica (fique √† vontade para entrar em contato durante esse per√≠odo).\n<strong>A vontade</strong>, sem crase: apenas a palavra vontade, referenciada (ela teve vontade de ligar para o cliente para acalm√°-lo).\n<strong>Traz</strong>: terceira pessoa do verbo trazer. Exemplo: ao integrar com a B3, o Velotax traz as opera√ß√µes de vendas.\n<strong>Tr√°s</strong>: sin√¥nimo de atr√°s, ap√≥s. Usado com preposi√ß√£o. Exemplos: 1. A integra√ß√£o traz opera√ß√µes de janeiro de 2020 em diante, n√£o para tr√°s. 2. Por tr√°s desse bot√£o, existe um c√≥digo. \n<strong>Debaixo</strong>: na parte inferior, sob, por dentro. (pode ser substitu√≠da por sob, se encaixar sob, o correto √© debaixo).\n<strong>De baixo</strong>: oposto da palavra ‚Äúcima‚Äù. Exemplos: 1. Veio de baixo. 2. Olhe de baixo para cima. 3. O livro est√° na parte de baixo do arm√°rio.\n<strong>Independente</strong>: adjetivo - que √© livre. O Brasil √© um pa√≠s independente.\n<strong>Independentemente</strong>: adv√©rbio</p>"